<?xml version="1.0" encoding="UTF-8"?>
<project-private xmlns="http://www.netbeans.org/ns/project-private/1">
    <editor-bookmarks xmlns="http://www.netbeans.org/ns/editor-bookmarks/2" lastBookmarkId="1">
        <file>
            <url>src/pathx/ui/pathXPanel.java</url>
            <bookmark id="1">
                <name/>
                <line>277</line>
                <key/>
            </bookmark>
        </file>
    </editor-bookmarks>
    <open-files xmlns="http://www.netbeans.org/ns/projectui-open-files/2">
        <group>
            <file>file:/C:/Users/Jessica/Documents/NetBeansProjects/Java/pathX/data/pathx/pathx_properties.xml</file>
            <file>file:/C:/Users/Jessica/Documents/NetBeansProjects/Java/pathX/src/pathx/data/Intersection.java</file>
            <file>file:/C:/Users/Jessica/Documents/NetBeansProjects/Java/pathX/src/pathx/ui/pathXPanel.java</file>
            <file>file:/C:/Users/Jessica/Documents/NetBeansProjects/Java/pathX/src/pathx/pathXConstants.java</file>
            <file>file:/C:/Users/Jessica/Documents/NetBeansProjects/Java/pathX/src/pathx/data/Record.java</file>
            <file>file:/C:/Users/Jessica/Documents/NetBeansProjects/Java/pathX/src/pathx/file/pathXFileManager.java</file>
            <file>file:/C:/Users/Jessica/Documents/NetBeansProjects/Java/pathX/src/pathx/ui/pathXEventHandler.java</file>
            <file>file:/C:/Users/Jessica/Documents/NetBeansProjects/Java/pathX/src/pathx/ui/SpecialsHandler.java</file>
            <file>file:/C:/Users/Jessica/Documents/NetBeansProjects/Java/pathX/src/pathx/data/Level.java</file>
            <file>file:/C:/Users/Jessica/Documents/NetBeansProjects/Java/pathX/src/pathx/ui/pathXGame.java</file>
            <file>file:/C:/Users/Jessica/Documents/NetBeansProjects/Java/pathX/src/pathx/data/pathXDataModel.java</file>
            <file>file:/C:/Users/Jessica/Documents/NetBeansProjects/Java/pathX/src/pathx/data/Specials.java</file>
            <file>file:/C:/Users/Jessica/Documents/NetBeansProjects/Java/pathX/src/pathx/PathX.java</file>
        </group>
    </open-files>
</project-private>
