<?xml version="1.0" encoding="UTF-8"?>

<properties>
    <property_list>
        <!-- ALL THE IMAGES TO BE USED IN THE GAME -->
        <property name="IMAGE_MENU_BACKGROUND"                  value="./pathx/MenuBackground.png"></property>
        <property name="IMAGE_MAP_BACKGROUND"                   value="./pathx/map.jpg"></property>
        <property name="IMAGE_SETTINGS_BACKGROUND"              value="./pathx/SettingsBackground.png"></property>
        <property name="IMAGE_HELP_BACKGROUND"                  value="./pathx/HelpBackground.png"></property>
        <property name="IMAGE_LEVEL_BACKGROUND"                 value="./pathx/LevelBackground.png"></property>
        <property name="IMAGE_LEVEL_SELECTION_BACKGROUND"       value="./pathx/LevelSelectionBackground.png"></property>
        <property name="IMAGE_BUTTON_CLOSE"                     value="./pathx/ButtonClose.png"></property>
        <property name="IMAGE_BUTTON_CLOSE_MOUSE_OVER"          value="./pathx/ButtonCloseMouseOver.png"></property>
        <property name="IMAGE_BUTTON_PLAY"                      value="./pathx/ButtonPlay.png"></property>
        <property name="IMAGE_BUTTON_PLAY_MOUSE_OVER"           value="./pathx/ButtonPlayMouseOver.png"></property>
        <property name="IMAGE_BUTTON_HELP"                      value="./pathx/ButtonHelp.png"></property>
        <property name="IMAGE_BUTTON_HELP_MOUSE_OVER"           value="./pathx/ButtonHelpMouseOver.png"></property>
        <property name="IMAGE_BUTTON_RESET"                     value="./pathx/ButtonReset.png"></property>
        <property name="IMAGE_BUTTON_RESET_MOUSE_OVER"          value="./pathx/ButtonResetMouseOver.png"></property>
        <property name="IMAGE_BUTTON_SETTINGS"                  value="./pathx/ButtonSettings.png"></property>
        <property name="IMAGE_BUTTON_SETTINGS_MOUSE_OVER"       value="./pathx/ButtonSettingsMouseOver.png"></property>
        <property name="IMAGE_BUTTON_HOME"                      value="./pathx/ButtonHome.png"></property>
        <property name="IMAGE_BUTTON_HOME_MOUSE_OVER"           value="./pathx/ButtonHomeMouseOver.png"></property>
        <property name="IMAGE_BUTTON_SCROLL_DOWN_MOUSE_OVER"    value="./pathx/ButtonScrollDownMouseOver.png"></property>
        <property name="IMAGE_BUTTON_SCROLL_DOWN"               value="./pathx/ButtonScrollDown.png"></property>
        <property name="IMAGE_BUTTON_SCROLL_LEFT_MOUSE_OVER"    value="./pathx/ButtonScrollLeftMouseOver.png"></property>
        <property name="IMAGE_BUTTON_SCROLL_LEFT"               value="./pathx/ButtonScrollLeft.png"></property>
        <property name="IMAGE_BUTTON_SCROLL_RIGHT_MOUSE_OVER"   value="./pathx/ButtonScrollRightMouseOver.png"></property>
        <property name="IMAGE_BUTTON_SCROLL_RIGHT"              value="./pathx/ButtonScrollRight.png"></property>
        <property name="IMAGE_BUTTON_SCROLL_UP_MOUSE_OVER"      value="./pathx/ButtonScrollUpMouseOver.png"></property>
        <property name="IMAGE_BUTTON_SCROLL_UP"                 value="./pathx/ButtonScrollUp.png"></property>
        <property name="IMAGE_BUTTON_SOUND"                     value="./pathx/ButtonSound.png"></property>
        <property name="IMAGE_BUTTON_SOUND_MOUSE_OVER"          value="./pathx/ButtonSoundMouseOver.png"></property>
        <property name="IMAGE_BUTTON_SOUND_CLICKED"             value="./pathx/ButtonSoundClicked.png"></property>
        <property name="IMAGE_BUTTON_MUSIC"                     value="./pathx/ButtonSound.png"></property>
        <property name="IMAGE_BUTTON_MUSIC_MOUSE_OVER"          value="./pathx/ButtonSoundMouseOver.png"></property>
        <property name="IMAGE_BUTTON_MUSIC_CLICKED"             value="./pathx/ButtonSoundClicked.png"></property>
        <property name="IMAGE_BUTTON_GAME_SPEED_MOUSE_OVER"     value="./pathx/ButtonGameSpeedMouseOver.png"></property>
        <property name="IMAGE_BUTTON_GAME_SPEED"                value="./pathx/ButtonGameSpeed.png"></property>
        <property name="IMAGE_BUTTON_START"                     value="./pathx/ButtonStart.png"></property>
        <property name="IMAGE_BUTTON_SPECIALS"                  value="./pathx/ButtonSpecials.png"></property>
        <property name="IMAGE_BUTTON_LEVEL"                     value="./pathx/ButtonLeve.png"></property>
        <property name="IMAGE_DIALOG_LEVEL"                     value="./pathx/DialogLevel.png"></property>
        <property name="IMAGE_GETAWAY_CAR"                      value="./pathx/getawaycar.png"></property>
        <property name="IMAGE_BANDIT"                           value="./pathx/bandit.png"></property>
        <property name="IMAGE_POLICE"                           value="./pathx/police.png"></property>
        <property name="IMAGE_ZOMBIE"                           value="./pathx/zombie.png"></property>
        <property name="IMAGE_BUTTON_PAUSE"                     value="./pathx/ButtonPause.png"></property>
        <property name="IMAGE_BUTTON_PAUSE_MOUSE_OVER"          value="./pathx/ButtonPauseMouseOver.png"></property>
        
        <!-- ALL THE TEXT TO BE DISPLAYED -->
        <property name="TEXT_TITLE_BAR_GAME"                    value="pathX"></property>
    </property_list>
    
    <!-- PLAYABLE LEVELS CREATED WITH THE LEVEL EDITOR -->
    <property_options_list>
        <property_options name="LEVEL_OPTIONS">
            <option>Los Angeles, CA</option>
            <option>San Diego, CA</option>
            <option>Fresno, CA</option>
            <option>San Jose, CA</option>
            <option>San Francisco, CA</option>
            <option>Sacramento, CA</option>
            <option>Las Vegas, NV</option>
            <option>Laughlin, NV</option>
            <option>Reno, NV</option>
            <option>Dodge City, KS</option>
            <option>Cheyenne, WY</option>
            <option>Sioux Falls, SD</option>
            <option>Miami, FL</option>
            <option>Fort Lauderdale, FL</option>
            <option>Fort Myers, FL</option>
            <option>Fort Knox, KY</option>
            <option>Washington, DC</option>
            <option>Richmond, VA</option>
            <option>Wall Street, NY</option>
            <option>Poughkeepsie, NY</option>
        </property_options>
        <property_options name="X_LOCATION">
            <option>260</option>
            <option>290</option>
            <option>260</option>
            <option>215</option>
            <option>195</option>
            <option>220</option>
            <option>340</option>
            <option>350</option>
            <option>285</option>
            <option>740</option>
            <option>600</option>
            <option>800</option>
            <option>1280</option>
            <option>1265</option>
            <option>1230</option>
            <option>1080</option>
            <option>1320</option>
            <option>1290</option>
            <option>1360</option>
            <option>1340</option>
        </property_options>
        <property_options name="Y_LOCATION">
            <option>720</option>
            <option>750</option>
            <option>670</option>
            <option>620</option>
            <option>585</option>
            <option>565</option>
            <option>660</option>
            <option>680</option>
            <option>580</option>
            <option>650</option>
            <option>550</option>
            <option>520</option>
            <option>1020</option>
            <option>985</option>
            <option>970</option>
            <option>700</option>
            <option>610</option>
            <option>650</option>
            <option>550</option>
            <option>490</option>
        </property_options>
        <property_options name="LEVEL_FILES">
            <option>lemonade stands in Los Angeles</option>
            <option>lemonade stands in San Diego</option>
            <option>lemonade stands in Fresno</option>
            <option>tech firm in San Jose</option>
            <option>tech firm in San Francisco</option>
            <option>tech firm in Sacramento</option>
            <option>Las Vegas casino</option>
            <option>Laughlin casino</option>
            <option>Reno casino</option>
            <option>Dodge City bank</option>
            <option>Cheyenne bank</option>
            <option>Sioux Falls bank</option>
            <option>retirement community in Miami</option>
            <option>retirement community in Fort Lauderdale</option>
            <option>retirement community in Fort Myers</option>
            <option>houses in Fort Knox</option>
            <option>museum in Washington, DC</option>
            <option>ice cream trucks in Richmond</option>
            <option>investment houses in Wall Street</option>
            <option>investment houses in Poughkeepsie</option>
        </property_options>
    </property_options_list>
</properties>
