<?xml version="1.0" encoding="UTF-8"?>
<project-private xmlns="http://www.netbeans.org/ns/project-private/1">
    <editor-bookmarks xmlns="http://www.netbeans.org/ns/editor-bookmarks/2" lastBookmarkId="0"/>
    <open-files xmlns="http://www.netbeans.org/ns/projectui-open-files/2">
        <group>
            <file>file:/C:/Users/Harrison/Documents/RTM/StonyBrook/Courses/CSE219/Spring2014/projects/hw3/TheSortingHat/src/sorting_hat/TheSortingHat.java</file>
            <file>file:/C:/Users/Harrison/Documents/RTM/StonyBrook/Courses/CSE219/Spring2014/projects/hw3/TheSortingHat/data/sorting_hat/sorting_hat_properties.xml</file>
            <file>file:/C:/Users/Harrison/Documents/RTM/StonyBrook/Courses/CSE219/Spring2014/projects/hw3/TheSortingHat/src/sorting_hat/data/SortingHatDataModel.java</file>
            <file>file:/C:/Users/Harrison/Documents/RTM/StonyBrook/Courses/CSE219/Spring2014/projects/hw3/TheSortingHat/src/sorting_hat/file/SortingHatFileManager.java</file>
            <file>file:/C:/Users/Harrison/Documents/RTM/StonyBrook/Courses/CSE219/Spring2014/projects/hw3/TheSortingHat/src/sorting_hat/ui/SortingHatMiniGame.java</file>
            <file>file:/C:/Users/Harrison/Documents/RTM/StonyBrook/Courses/CSE219/Spring2014/projects/hw3/TheSortingHat/src/sorting_hat/SortingHatConstants.java</file>
            <file>file:/C:/Users/Harrison/Documents/RTM/StonyBrook/Courses/CSE219/Spring2014/projects/hw3/TheSortingHat/src/sorting_hat/ui/SortingHatEventHandler.java</file>
            <file>file:/C:/Users/Harrison/Documents/RTM/StonyBrook/Courses/CSE219/Spring2014/projects/hw3/TheSortingHat/src/sorting_hat/ui/SortingHatPanel.java</file>
            <file>file:/C:/Users/Harrison/Documents/RTM/StonyBrook/Courses/CSE219/Spring2014/projects/hw3/TheSortingHat/src/sorting_hat/data/SortingHatRecord.java</file>
            <file>file:/C:/Users/Harrison/Documents/RTM/StonyBrook/Courses/CSE219/Spring2014/projects/hw3/TheSortingHat/src/sorting_hat/data/SortingHatLevelRecord.java</file>
            <file>file:/C:/Users/Harrison/Documents/RTM/StonyBrook/Courses/CSE219/Spring2014/projects/hw3/TheSortingHat/src/sorting_hat/data/SortingHatAlgorithmFactory.java</file>
            <file>file:/C:/Users/Harrison/Documents/RTM/StonyBrook/Courses/CSE219/Spring2014/projects/hw3/TheSortingHat/src/sorting_hat/data/SortTransaction.java</file>
            <file>file:/C:/Users/Harrison/Documents/RTM/StonyBrook/Courses/CSE219/Spring2014/projects/hw3/TheSortingHat/src/sorting_hat/ui/SortingHatErrorHandler.java</file>
            <file>file:/C:/Users/Harrison/Documents/RTM/StonyBrook/Courses/CSE219/Spring2014/projects/hw3/TheSortingHat/src/sorting_hat/data/SortingHatAlgorithm.java</file>
            <file>file:/C:/Users/Harrison/Documents/RTM/StonyBrook/Courses/CSE219/Spring2014/projects/hw3/TheSortingHat/src/sorting_hat/data/SortingHatAlgorithmType.java</file>
            <file>file:/C:/Users/Harrison/Documents/RTM/StonyBrook/Courses/CSE219/Spring2014/projects/hw3/TheSortingHat/src/sorting_hat/ui/SortingHatTileState.java</file>
            <file>file:/C:/Users/Harrison/Documents/RTM/StonyBrook/Courses/CSE219/Spring2014/projects/hw3/TheSortingHat/src/sorting_hat/ui/SortingHatTile.java</file>
            <file>file:/C:/Users/Harrison/Documents/RTM/StonyBrook/Courses/CSE219/Spring2014/projects/hw3/TheSortingHat/src/sorting_hat/data/SortingHatMove.java</file>
            <file>file:/C:/Users/Harrison/Documents/RTM/StonyBrook/Courses/CSE219/Spring2014/projects/hw3/TheSortingHat/src/sorting_hat/data/SnakeCell.java</file>
        </group>
    </open-files>
</project-private>
