<?xml version="1.0" encoding="UTF-8"?>
<project-private xmlns="http://www.netbeans.org/ns/project-private/1">
    <editor-bookmarks xmlns="http://www.netbeans.org/ns/editor-bookmarks/2" lastBookmarkId="0"/>
    <open-files xmlns="http://www.netbeans.org/ns/projectui-open-files/2">
        <group>
            <file>file:/C:/Users/Harrison/Documents/RTM/StonyBrook/Courses/CSE219/Spring2014/projects/hw3/MiniGameFramework/src/mini_game/Viewport.java</file>
            <file>file:/C:/Users/Harrison/Documents/RTM/StonyBrook/Courses/CSE219/Spring2014/projects/hw3/MiniGameFramework/src/mini_game/MiniGameEventRelayer.java</file>
        </group>
    </open-files>
</project-private>
